{"cameraMode":{"drawMode":0,"name":"Shaded","section":"Shading Mode"},"sceneLighting":true,"audioPlay":false,"sceneViewState":{"showFog":true,"showMaterialUpdate":false,"showSkybox":true,"showFlares":true,"showImageEffects":true,"showParticleSystems":true},"in2DMode":false,"pivot":{"x":-166.33981323242188,"y":11.233924865722657,"z":184.6873321533203},"rotation":{"x":-0.025361379608511926,"y":-0.9684545397758484,"z":0.22349290549755097,"w":-0.10921097546815872},"size":49.259395599365237,"orthographic":false}